{"cameraMode":{"drawMode":0,"name":"Shaded","section":"Shading Mode"},"sceneLighting":true,"audioPlay":false,"sceneViewState":{"m_AlwaysRefresh":false,"showFog":true,"showSkybox":true,"showFlares":true,"showImageEffects":true,"showParticleSystems":true,"showVisualEffectGraphs":true,"m_FxEnabled":true},"in2DMode":false,"pivot":{"x":-9.529532432556153,"y":13.289329528808594,"z":36.9561767578125},"rotation":{"x":-0.04375547915697098,"y":-0.04284857213497162,"z":0.0018782706465572119,"w":-0.998123288154602},"size":40.013729095458987,"orthographic":false}